{
  "epoch_f1": {
    "0": 0.6936785986290936,
    "1": 0.7512028558125097,
    "2": 0.7494573643410853,
    "3": 0.7579206398031375,
    "4": 0.7610646858557722,
    "5": 0.7625585023400936,
    "6": 0.7644028103044498,
    "7": 0.7638845795842382,
    "8": 0.7564344005021972,
    "9": 0.7612010690143058
  },
  "best_f1": 0.7644028103044498,
  "best_epoch": 6
}